"# Aswath Damodaran, NYU Stern. Data updated 2026-01-05. US companies."
# Extracted from damodaran-working-capital-2026-01.xls by reference/extract.py. Do not hand-edit.
industry,firms,ar_over_sales,inventory_over_sales,ap_over_sales,noncash_wc_over_sales,implied_dso_days,implied_dio_days,implied_dpo_days
Advertising,52,0.473771,0.055700,0.461163,0.038339,172.9,20.3,168.3
Aerospace/Defense,79,0.239324,0.289406,0.111219,0.412102,87.4,105.6,40.6
Air Transport,23,0.039965,0.030556,0.066439,0.004517,14.6,11.2,24.3
Apparel,35,0.125303,0.192488,0.092356,0.243794,45.7,70.3,33.7
Auto & Truck,33,0.062959,0.099145,0.139540,-0.029612,23.0,36.2,50.9
Auto Parts,35,0.170549,0.124676,0.138251,0.158549,62.3,45.5,50.5
Bank (Money Center),15,0.000000,0.001686,,,0.0,0.6,
Banks (Regional),568,0.000000,0.008225,,,0.0,3.0,
Beverage (Alcoholic),14,0.100416,0.197511,0.177602,0.146400,36.7,72.1,64.8
Beverage (Soft),27,0.118840,0.080550,0.259598,-0.060033,43.4,29.4,94.8
Broadcasting,24,0.197088,0.024891,0.033849,0.104552,71.9,9.1,12.4
Brokerage & Investment Banking,32,1.401392,0.002757,,,511.5,1.0,
Building Materials,41,0.137758,0.136438,0.094117,0.184358,50.3,49.8,34.4
Business & Consumer Services,155,0.184311,0.013887,0.066896,0.145190,67.3,5.1,24.4
Cable TV,9,0.086095,0.001888,0.069556,0.018977,31.4,0.7,25.4
Chemical (Basic),29,0.111532,0.156545,0.110918,0.162058,40.7,57.1,40.5
Chemical (Diversified),4,0.133700,0.199660,0.146109,0.166937,48.8,72.9,53.3
Chemical (Specialty),59,0.182790,0.175783,0.133410,0.237965,66.7,64.2,48.7
Coal & Related Energy,16,0.082103,0.171176,0.139000,0.101762,30.0,62.5,50.7
Computer Services,64,0.213004,0.081216,0.172675,0.134002,77.7,29.6,63.0
Computers/Peripherals,36,0.106816,0.059151,0.187754,-0.047057,39.0,21.6,68.5
Construction Supplies,40,0.148348,0.209492,0.119168,0.225585,54.1,76.5,43.5
Diversified,20,0.122072,0.089829,0.150017,0.007736,44.6,32.8,54.8
Drugs (Biotechnology),496,0.213688,0.120040,0.197227,0.133615,78.0,43.8,72.0
Drugs (Pharmaceutical),228,0.217980,0.156086,0.084969,0.320885,79.6,57.0,31.0
Education,32,0.121151,0.016861,0.040412,0.100311,44.2,6.2,14.8
Electrical Equipment,112,0.258290,0.202461,0.143960,0.294372,94.3,73.9,52.5
Electronics (Consumer & Office),8,0.092722,0.136293,0.133631,0.111556,33.8,49.7,48.8
Electronics (General),114,0.191262,0.180928,0.162656,0.209177,69.8,66.0,59.4
Engineering/Construction,48,0.275186,0.015445,0.098701,0.193766,100.4,5.6,36.0
Entertainment,92,0.099130,0.017540,0.086361,0.004905,36.2,6.4,31.5
Environmental & Waste Services,53,0.155952,0.017382,0.069832,0.100387,56.9,6.3,25.5
Farming/Agriculture,35,0.081070,0.166596,0.071352,0.172734,29.6,60.8,26.0
Financial Svcs. (Non-bank & Insurance),176,13.322214,0.003618,1.700832,11.859986,4862.6,1.3,620.8
Food Processing,78,0.077639,0.134054,0.121438,0.066773,28.3,48.9,44.3
Food Wholesalers,13,0.055992,0.066181,0.067559,0.056230,20.4,24.2,24.7
Furn/Home Furnishings,27,0.133918,0.182947,0.138467,0.157303,48.9,66.8,50.5
Green & Renewable Energy,15,0.594789,0.025893,0.350519,-1.142911,217.1,9.5,127.9
Healthcare Products,204,0.165096,0.175940,0.071430,0.256526,60.3,64.2,26.1
Healthcare Support Services,104,0.069483,0.034493,0.141052,-0.057878,25.4,12.6,51.5
Heathcare Information and Technology,115,0.198187,0.104663,0.078642,0.235276,72.3,38.2,28.7
Homebuilding,30,0.019648,0.620218,0.045521,0.616464,7.2,226.4,16.6
Hospitals/Healthcare Facilities,31,0.142192,0.017147,0.063883,0.104835,51.9,6.3,23.3
Hotel/Gaming,63,0.103564,0.026212,0.074856,0.007663,37.8,9.6,27.3
Household Products,110,0.097484,0.115501,0.148609,0.060061,35.6,42.2,54.2
Information Services,15,0.183569,0.000866,0.030803,0.166213,67.0,0.3,11.2
Insurance (General),21,0.302809,0.000000,0.105540,0.265381,110.5,0.0,38.5
Insurance (Life),20,0.260804,0.000000,0.249751,0.231669,95.2,0.0,91.2
Insurance (Prop/Cas.),57,0.185897,0.000000,0.888827,-0.404785,67.9,0.0,324.4
Investments & Asset Management,283,0.213335,0.000081,,,77.9,0.0,
Machinery,105,0.190326,0.166186,0.099266,0.244219,69.5,60.7,36.2
Metals & Mining,73,0.078018,0.204765,0.122286,0.148872,28.5,74.7,44.6
Office Equipment & Services,14,0.119502,0.134328,0.119189,0.081390,43.6,49.0,43.5
Oil/Gas (Integrated),4,0.122332,0.073445,0.162431,0.039274,44.7,26.8,59.3
Oil/Gas (Production and Exploration),142,0.112598,0.020124,0.092387,0.006617,41.1,7.3,33.7
Oil/Gas Distribution,23,0.083899,0.026775,0.080915,0.010570,30.6,9.8,29.5
Oilfield Svcs/Equip.,97,0.101594,0.081974,0.097747,0.089263,37.1,29.9,35.7
Packaging & Container,19,0.159520,0.135905,0.160656,0.126560,58.2,49.6,58.6
Paper/Forest Products,6,0.107791,0.140591,0.091781,0.132445,39.3,51.3,33.5
Power,46,0.130128,0.068152,0.129461,0.030793,47.5,24.9,47.3
Precious Metals,56,0.048246,0.128397,0.060573,0.091000,17.6,46.9,22.1
Publishing & Newspapers,19,0.143466,0.048002,0.060962,0.128918,52.4,17.5,22.3
R.E.I.T.,190,1.327579,0.044811,0.128462,1.396717,484.6,16.4,46.9
Real Estate (Development),14,0.034021,0.144329,0.033823,0.016439,12.4,52.7,12.3
Real Estate (General/Diversified),12,0.201691,2.506652,0.094815,2.571678,73.6,914.9,34.6
Real Estate (Operations & Services),54,0.125646,0.010962,0.066063,0.098286,45.9,4.0,24.1
Recreation,49,0.099946,0.137080,0.072413,0.150109,36.5,50.0,26.4
Reinsurance,1,0.180909,0.000000,0.207676,0.014258,66.0,0.0,75.8
Restaurant/Dining,64,0.053226,0.021651,0.047469,0.027907,19.4,7.9,17.3
Retail (Automotive),34,0.026436,0.166169,0.088553,0.110330,9.6,60.7,32.3
Retail (Building Supply),14,0.027901,0.168055,0.093682,0.096074,10.2,61.3,34.2
Retail (Distributors),62,0.128282,0.166667,0.105136,0.174282,46.8,60.8,38.4
Retail (General),23,0.034992,0.086663,0.118919,-0.001093,12.8,31.6,43.4
Retail (Grocery and Food),15,0.017548,0.054892,0.059235,0.000610,6.4,20.0,21.6
Retail (REITs),26,0.216882,0.005363,0.164843,0.012444,79.2,2.0,60.2
Retail (Special Lines),94,0.016174,0.187562,0.105881,0.098029,5.9,68.5,38.6
Rubber& Tires,3,0.172412,0.215780,0.215332,0.129281,62.9,78.8,78.6
Semiconductor,66,0.158751,0.149544,0.069508,0.226180,57.9,54.6,25.4
Semiconductor Equip,31,0.187689,0.207364,0.071779,0.294936,68.5,75.7,26.2
Shipbuilding & Marine,8,0.113184,0.067070,0.071603,0.096277,41.3,24.5,26.1
Shoe,11,0.120975,0.164267,0.082333,0.165553,44.2,60.0,30.1
Software (Entertainment),77,0.131140,0.000008,0.033040,0.072480,47.9,0.0,12.1
Software (Internet),29,0.163125,0.000026,0.067769,0.147979,59.5,0.0,24.7
Software (System & Application),309,0.168406,0.004551,0.083612,0.100462,61.5,1.7,30.5
Steel,19,0.109850,0.179624,0.071822,0.216052,40.1,65.6,26.2
Telecom (Wireless),12,0.111727,0.025764,0.048737,0.120719,40.8,9.4,17.8
Telecom. Equipment,57,0.193167,0.101200,0.065885,0.222518,70.5,36.9,24.0
Telecom. Services,39,0.128346,0.020423,0.208695,-0.036880,46.8,7.5,76.2
Tobacco,10,0.088983,0.214699,0.074989,0.169118,32.5,78.4,27.4
Transportation,19,0.120404,0.002232,0.055026,0.069615,43.9,0.8,20.1
Transportation (Railroads),4,0.080518,0.029081,0.078697,0.015600,29.4,10.6,28.7
Trucking,26,0.124039,0.003550,0.049693,0.079940,45.3,1.3,18.1
Utility (General),14,0.133094,0.083637,0.095071,0.200490,48.6,30.5,34.7
Utility (Water),14,0.160092,0.028776,0.085703,0.125427,58.4,10.5,31.3
